id;Name_User;Date_Comment;Type_Comment;Number_Likes;Text;Hashtag;Language;Reaction
1;angelina testarelli;2019-01-02T21:16:53.000Z;Comment;0;"Hermosa cancion";null;en;positive
2;Tram Nguyen;2018-12-30T05:46:47.000Z;Comment;22;I don't understand a single word but that couldn't hold me back from smilling and giggling through the entire song. Love from Vietnam <3 :D;null;en;positive
3;feyzanur akyÃ¼z;2018-12-29T16:07:20.000Z;Comment;1;why this song is so perfect?  â™¥ï¸â™¥ï¸;null;en;positive
4;Tamara Orellana;2018-12-27T17:50:13.000Z;Comment;0;I love that song;null;en;positive
5;Angie EspaÃ±a Mejia;2018-12-28T13:55:33.000Z;Reply to neydI Garcia;2;J looking for an opportunity to work in the world and to be able to help out;null;en;suggestion
6;H Max21;2018-12-26T18:46:16.000Z;Comment;7;I have no idea what they are saying but wowðŸ˜ found this as a piano song at first and loved it.;null;en;positive
7;Rita Mendez;2018-12-18T22:51:34.000Z;Comment;1;Hola me llamo thiago hermano AndrÃ©s;null;en;neutral
8;Lawrence N;2018-12-15T14:28:53.000Z;Comment;2;This song always make me happy.;null;en;positive
9;Luz Leon;2018-12-13T18:24:01.000Z;Comment;0;Q cancionðŸ¤©ðŸ¤©â¤;null;en;positive
10;ÕŽÕ¡Õ¹Õ¡Õ£Õ¡Õ¶ Õ„Õ«Ö€Õ¦Õ¸ÕµÕ¡Õ¶;2018-12-11T06:57:05.000Z;Comment;1;Congratulations for 1 bilion. This song deserves that.;null;en;positive
11;Matthew Wheeler;2018-12-09T02:42:37.000Z;Comment;0;1 billion of wiews on YouTube is coming soon;null;en;positive
12;Hazim Abdelbaset;2018-12-07T04:46:49.000Z;Comment;0;Who is lestining this song about 100 time Ù…ÙŠÙ† Ø³Ù…Ø¹ Ø§Ù„Ø§ØºÙ†ÙŠØ© Ø¯ÙŠ ÙŠØ¬ÙŠ 100 Ù…Ø±Ø©;null;en;positive
13;Shir Yang;2018-12-04T13:59:35.000Z;Comment;0;although entiendo nada con what they singingðŸ˜„ still estoy muy felizâœŒ;null;en;positive
14;Cáº­uBÃ© NguNgÆ¡;2018-12-03T08:04:10.000Z;Comment;1;2018 Do you like this?;null;en;neutral
15;Supattana Bolger;2018-12-02T22:07:21.000Z;Comment;0;Have started learning espaÃ±ol. I love the language. And this song is awesome bringing me so much joy! Gracias....;null;en;positive
16;ChuckyGlasco;2018-12-01T23:40:39.000Z;Comment;0;this video makes me smile;null;en;positive
17;Roni Sic;2018-11-28T02:25:31.000Z;Comment;0;I love the song;null;en;positive
18;manaf salmi Libya;2018-11-27T21:11:38.000Z;Comment;10;I'm from libya and i love this song;null;en;positive
19;Egg Roll;2018-11-18T06:21:20.000Z;Comment;0;I don't understand the lyrics but this song feels very happy;null;en;positive
20;Madhav MKNC;2018-11-18T06:12:04.000Z;Comment;1;Who came here after knowing that Daniel Duran is directing Yo Yo's comeback music video;null;en;negative
21;Daniel LeÃ³n;2018-11-18T01:07:51.000Z;Comment;0;AnaðŸ˜;null;en;positive
22;Jefferson Deras;2018-11-17T17:52:30.000Z;Comment;0;Good song I love the song so much;null;en;positive
23;EdÄ«te jasone;2018-11-17T09:17:10.000Z;Comment;0;Is love;null;en;positive
24;teamir dinarr;2018-11-16T12:04:16.000Z;Comment;22;Sebastian  I am from Ethiopia most important thing is that I love this song and Carlos and Colombian;null;en;positive
25;Karla Avalos;2018-11-18T05:23:57.000Z;Reply to Girl with the empty heart space Lavv;0;+Girl with the empty heart space Lavv â™â™â™;null;en;neutral
26;Anthony Terry;2018-11-14T05:25:41.000Z;Comment;0;I am OBSESSED with the song Great work;null;en;positive
27;Zaira Mungaray;2018-11-13T16:57:43.000Z;Comment;0;love this song!!!!!!;null;en;positive
28;Berfin T.;2018-11-13T16:14:30.000Z;Comment;0;Go to the 2019ðŸ˜…ðŸ˜…(caktirmayin Turkiyeliyiz);null;en;positive
29;Edith G.;2018-11-12T22:35:58.000Z;Comment;0;Is that Felix from La Banda at 3:02???;null;en;positive
30;Gladys Guzman;2018-11-09T00:47:23.000Z;Comment;0;I like hearing this over and over again donâ€™t u;null;en;positive
31;Lava Cube;2018-11-08T05:20:08.000Z;Comment;1;Only English comment you will find here;null;en;neutral
32;Moryn Brandy;2018-11-07T15:00:58.000Z;Comment;0;Am kenyan and i have listened to this song a hundred times;null;en;positive
33;Itâ€™s  Adriana;2018-11-06T16:28:31.000Z;Comment;44;Still waiting for the billion viewz!?ðŸ‘€;null;en;positive
34;Amogh Vijayan;2018-11-05T08:11:10.000Z;Comment;2;Shakira brought me here. Thanks Shakira.;null;en;negative
35;ELIANYS BRICEÃ‘O SEGOVIA;2018-11-04T14:58:06.000Z;Comment;0;I would like it to be in English this video;null;en;suggestion
36;Juliana Silva;2018-11-27T03:17:44.000Z;Reply to Juliana Silva;0;+Laughing Shanon The Killer yo tampoco jajaja;null;en;joke
37;G u z m a n S u c k t h e c o c k;2018-10-26T14:45:40.000Z;Comment;0;From Thailand ðŸ‡¹ðŸ‡­;null;en;neutral
38;zadnes shakiry;2018-10-25T23:34:07.000Z;Comment;0;Hermosa cancion ðŸ˜Šâ˜º;null;en;positive
39;Angelica Salinas;2018-10-25T14:32:18.000Z;Comment;0;hermosa cancion â¤ï¸ðŸ’œ;null;en;positive
40;Good Luck;2018-10-24T16:10:35.000Z;Comment;50;Hi brothers I'm from India n most important thing is that I love this song...ðŸ˜ƒðŸ˜ƒðŸ˜ƒðŸ‡®ðŸ‡³ðŸ‡®ðŸ‡³ðŸ‡®ðŸ‡³ðŸ†’;null;en;positive
41;Kiara Maria Lopez Jorge;2018-11-10T13:52:00.000Z;Reply to Marvin and Andrea;0;Marvin and Andrea qsm;null;en;neutral
42;PhÃºc Tráº§n;2018-10-20T13:59:43.000Z;Comment;0;AM I THE ONLY VIETNAMESE HERE?;null;en;neutral
43;Guadalupe Lucio;2018-10-19T01:52:01.000Z;Comment;0;Sebastian I just love this song. Amazing & So Sweet.;null;en;positive
44;Roxana Alvares;2018-10-18T22:39:14.000Z;Comment;0;THIAGO PALACIO. 353.;null;en;neutral
45;Predrag Serdar;2018-10-18T19:02:31.000Z;Comment;0;Yesss i found this song!!!Finally;null;en;positive
46;marta nidia marin bueno;2018-11-06T20:21:42.000Z;Reply to LAS AMIGUIS Meclazcke;0;Th;null;en;neutral
47;Ben Bule;2018-10-18T02:55:20.000Z;Comment;0;I am from Indonesian.... I like this song  .... ðŸ˜Š;null;en;positive
48;Ben Bule;2018-10-18T09:31:18.000Z;Reply to Ben Bule;0;+Rodrigo Da cortez ... hello... that's nice. From which city ?;null;en;positive
49;Rodrigo Da cortez;2018-10-18T08:16:50.000Z;Reply to Ben Bule;1;hello bro my mother is indonesian;null;en;positive
50;Dolmii Dee;2018-10-17T06:59:50.000Z;Comment;0;feels me with love...i can't wait to share this love with my someone one day <3;null;en;positive
51;AnahÃ­ Hermosa;2018-10-15T10:51:26.000Z;Comment;0;Cancion fea;null;en;negative
52;Beatriz Salado;2018-10-13T06:52:49.000Z;Comment;1;I love this song sososososososo much;null;en;positive
53;Yakup Bahceci;2018-10-12T08:08:55.000Z;Comment;3;That guy voice is amazing heâ€™s little bit old and long hair amazing music love it.;null;en;positive
54;Dolores Reyes;2018-10-10T21:03:23.000Z;Comment;0;Hermosa cancion ðŸ˜‚ðŸ˜‚ðŸ˜‚ðŸ˜‚;null;en;positive
55;Dulce Lugo;2018-10-10T01:23:19.000Z;Comment;0;Amp the song;null;en;neutral
56;a si;2018-10-09T04:07:06.000Z;Comment;0;Am I the only English comment here?;null;en;neutral
57;Richard Bendezu;2018-10-08T22:25:48.000Z;Comment;0;Anuel;null;en;neutral
58;Asib Ahamed;2018-10-07T08:52:57.000Z;Comment;2;I don't know anything about this language but I just love Carlos vivesðŸ˜ðŸ˜;null;en;positive
59;Jasmin Hahaha;2018-10-28T22:31:18.000Z;Reply to Anderson;0;Anderson yoðŸ’“;null;en;positive
60;Rahulsankun;2018-10-04T22:56:14.000Z;Comment;4;I m an Indian n I don't know the language but still I love this songs n video;null;en;positive
61;Sole XD;2018-10-18T20:43:16.000Z;Reply to Rahulsankun;0;Buddy, this song is romantic, for example say: i know what you feel butterflies;null;en
62;Angel Domingo;2018-10-03T23:47:53.000Z;Comment;0;Wow I like it,is it real in the life;null;en;positive
63;NYCTalking;2018-10-03T15:03:40.000Z;Comment;0;This moved me to tears, such a beautiful song and video. Me hico llorar este tema.;null;en;positive
64;Izakokomarixyz;2018-10-02T01:51:39.000Z;Reply to a si;0;"Let me steal a kiss from you that will reach my soul! Like a "Vallenato" (music genre) song, the old ones we liked! I know you feel butterflies, I've also felt their wings! Let me steal a kiss that will make you fall in love and never leave.";null;en;positive
65;Shadow Claw;2018-09-28T22:07:00.000Z;Comment;2;I like this song;null;en;positive
66;Alexandra Martinez;2018-09-28T21:23:03.000Z;Comment;1;Hermosa cancion ðŸ‘ðŸ‘;null;en;positive
67;GHAZALI GHAZALI;2018-09-28T09:21:21.000Z;Comment;1;You are the best carlos;null;en;positive
68;TrÆ°á»ng Nguyá»…n VÄƒn;2018-09-28T00:23:42.000Z;Comment;2;OMG. This song will take place at my wedding.From Vietnam not vietcong;null;en;positive
69;Pierre Duong;2018-09-27T23:33:11.000Z;Comment;0;Our Spanish teacher played this in class;null;en;positive
70;Dist Aqua;2018-09-27T05:38:33.000Z;Comment;27;September ðŸ‘ŒðŸ˜ðŸ˜ This song is too good;null;en;positive
71;Joel HC;2018-09-25T12:03:42.000Z;Comment;0;Like the song but the video is pure cringe.;null;en;neutral
72;OctÃ¡vio a.k.a. Deddyson JordÃ£o de AraÃºjo;2018-09-25T04:25:14.000Z;Comment;0;Carlos Vives is hanging out with young boys;null;en;negative
73;Izakokomarixyz;2018-10-02T02:01:18.000Z;Reply to OctÃ¡vio a.k.a. Deddyson JordÃ£o de AraÃºjo;0;When you say it like that it's creepy.;null;en;negative
74;Zack Moore;2018-09-25T02:59:08.000Z;Comment;0;This is ðŸ”¥ðŸ”¥ðŸ”¥;null;en;positive
75;kit markussen;2018-09-22T21:29:15.000Z;Comment;0;Love this song <3;null;en;positive
76;InfiniteBlaze;2018-09-22T03:12:06.000Z;Comment;5;English subtitles: Andres hasn't said that he loves his mother since he was 12. Jorge and Rosa have been married 47 years but rarely eat together. Martin and Caro have dated for 3 years but Caro has never been sung a song. Mateo has had a crush on Juliana since the 3rd grade.;null;en;positive
77;David Benavides;2018-09-20T12:52:22.000Z;Comment;0;Love this song;null;en
78;ZoltÃ¡n Lukovics;2018-09-20T06:39:46.000Z;Comment;0;for me and my wife is this song the wery nr. 1 thank you Carlos and Sebastian. Love from Slovakia;null;en
79;Gabriela Painebil;2018-09-19T17:28:40.000Z;Comment;1;Toâ™¥â™¥â™¥â™¥â™¥â™¥â™¥â™¥â™¥â™¥â™¥â™¥â™¥â™¥â™¥;null;en;positive
80;MzR30 YT;2018-09-19T00:15:22.000Z;Comment;0;This is probably the only english comment in here even though it will drown in the comments;null;en;neutral
81;TheAirlineChick;2018-09-15T16:23:37.000Z;Comment;0;Anyone know where this video is taken place?;null;en;positive
82;CARLOS ENRIQUE DUEÃ‘AS OLIVERA;2018-09-15T16:34:37.000Z;Reply to TheAirlineChick;0;i think in ecuador;null;en;positive
83;Enic Hanaire Correia da Silva Pessoa Pessoa;2018-09-11T21:23:43.000Z;Comment;0;Muito top;null;en;positive
84;HA CV;2018-09-18T19:56:13.000Z;Reply to Dilan Bernal;0;Khe berga;null;en;neutral
85;Lina Noreikaite;2018-09-10T16:10:09.000Z;Comment;0;beautiful song loved it .thank you;null;en;positive
86;Kiara van de Veen;2018-09-08T11:16:00.000Z;Comment;34;I don't understand this cause I'm from the Netherlands ðŸ‡³ðŸ‡± but this song is LIT!!! I ðŸ’– IT! ðŸ˜ðŸ˜ðŸ˜ðŸ˜ðŸ˜ðŸ’•ðŸ’•ðŸ’•ðŸ’•ðŸ’ªðŸ’ªðŸ’ªðŸ¤™ðŸ¤™ðŸ’–ðŸ’–ðŸ’–ðŸ’–;null;en;positive
87;Master Soccer;2018-09-14T16:53:02.000Z;Reply to Kiara van de Veen;0;The song lyrics is fyee afðŸ”¥ Btw,How you found this song ?;null;en;neutral
88;Kiara van de Veen;2018-09-13T17:28:29.000Z;Reply to Kiara van de Veen;0;+baddabessmoon thanks!!;null;en;positive
89;ezr9008vn9 Cursed;2018-09-07T12:44:56.000Z;Comment;1;What an amazing song and so many dislike....wtf? Idiots.;null;en;neutral
90;Layssa Moura;2018-09-06T00:38:59.000Z;Comment;1;Love the music of Carlos vives;null;en;positive
91;Kathy Jamaica;2018-09-05T03:14:28.000Z;Comment;0;I love this song â¤ï¸;null;en;positive
92;Henry Riosanjuan;2018-09-04T21:43:22.000Z;Reply to Ivan Ogulinac;0;Ivan Ogulinac the music ils beautiful;null;en;positive
93;Mary-Anne Crawford;2018-08-31T12:48:56.000Z;Comment;0;I love this song and you Carlos <3 You both have amazing voices and this song always makes me smile when im down. Great job the pair of you <3;null;en;positive
94;Eli's Whatever i feel like doing;2018-08-30T20:19:18.000Z;Comment;0;Anyone else here like the song and only speak English?;null;en;positive
95;tinaaa xoxo;2018-08-28T02:27:33.000Z;Comment;6;Sebastian is so hott and talented. Im new to him. Love reggaeton music;null;en;positive
96;Stephanie Hernandez;2018-09-04T01:09:51.000Z;Reply to Anthony 21;0;Anahi;null;en;neutral
97;Daniela Pinelgglpjg;2018-08-26T16:44:25.000Z;Reply to Princesa raresa random;1;Topa;null;en;neutral
98;pamela ortega;2018-08-28T18:25:34.000Z;Reply to TheFransy100;1;TheFransy100 isaaseryi;null;en;neutral
99;Monica HernÃ¡ndez;2018-08-25T16:56:51.000Z;Reply to TheFransy100;1;TheFransy100  hl;null;en;neutral
100;Jess W;2018-08-20T18:11:31.000Z;Comment;0;Jesus is Lord Jesus is the son of God Matthew 3:2 KJV â€œAnd saying, Repent ye: for the kingdom of heaven is at hand.â€;null;en;neutral
101;Thomas Pleinss;2018-08-20T17:09:53.000Z;Comment;0;Was going with the day;null;en;neutral
102;saifeddine benmezouara;2018-08-18T18:39:26.000Z;Comment;0;i lovve it ðŸ˜ðŸ˜˜, love you soo muche â¤;null;en;positive
103;music lover;2018-08-17T04:52:33.000Z;Comment;9;Anyone please knows what brand is the denim  jacket that Yatra is wearing in this video?;null;en;positive
104;music lover;2018-08-20T10:44:52.000Z;Reply to music lover;0;Y.O lml thank you! I hope some can also confirm with more details, Itâ€™s a surprise for friend it would mean so much if I could find it;null;en;positive
105;Michael Flores;2018-08-12T01:50:56.000Z;Comment;3;I like this song i cry;null;en;positive
106;Rodal Castanon;2018-08-07T03:34:13.000Z;Comment;0;I love this song i'm Cristian but i like this song;null;en;positive
107;Annazz Tube;2018-08-06T19:03:14.000Z;Comment;1;This song was posted on my parents anniversary ðŸ˜­ðŸ’•;null;en
108;Marie Yap;2018-08-05T14:35:20.000Z;Comment;1;I have no clue what they are singing about but it sure sounds damn Good!!  ðŸ¤—ðŸ¤—ðŸ¤—ðŸ¤—ðŸ˜™ðŸ˜™ love it;null;en;positive
109;à¸›à¸±à¸—à¸à¸² à¹€à¸—à¸µà¸¢à¸™à¹à¸à¹‰à¸§;2018-08-04T11:28:31.000Z;Comment;0;I love the song;null;en;positive
110;ClashMEN;2018-08-03T18:48:26.000Z;Comment;10;I Love Music the SebastiÃ¡n YatraðŸ˜;null;en;positive
111;Gutiera Audeska;2018-08-01T19:33:13.000Z;Comment;13;isn'tâ€‹ he one of the judges on the Spanish voice thingy;null;en;neutral
112;deepali d;2018-07-31T04:09:51.000Z;Comment;3;Any indian here â¤ï¸;null;en;positive
113;Proxima Centauri;2018-07-30T14:51:21.000Z;Comment;0;Whatâ€™s the beautiful, sexy boyâ€™s name with the equally sexy (Iâ€™m in love with you) voice?;null;en;positive
114;Proxima Centauri;2018-07-30T05:57:16.000Z;Comment;1;Who is the tall,  lean (sexy) boi with the sexy voice?;null;en;positive
115;afik3248;2018-07-29T19:54:53.000Z;Comment;0;The next despacito!!;null;en;positive
116;Ady Chavez;2018-07-29T19:16:36.000Z;Comment;0;I love this songðŸ˜£ðŸ¤ž;null;en;positive
117;Jeimy Riascos;2018-07-29T18:45:46.000Z;Comment;0;I love to music;null;en;positive
118;silent night;2018-07-29T07:29:14.000Z;Comment;0;Beautiful song I love this song ðŸ˜ðŸ˜ðŸ˜ðŸ˜;null;en;positive
119;silent night;2018-07-29T07:29:14.000Z;Comment;0;Beautiful song I love this song ðŸ˜ðŸ˜ðŸ˜ðŸ˜;null;en;positive
120;Irmaliz Torres-Velez;2018-07-29T00:49:33.000Z;Comment;0;I love this song â¤;null;en;positive
121;sarada Uchiha97;2018-07-29T00:04:31.000Z;Comment;2;I love this song <3;null;en;positive
122;à´®à´£à´µà´¾à´³àµ» and sons;2018-07-28T04:17:14.000Z;Comment;1;One year for this song today(july28) like if u watch todayðŸ˜;null;en;positive
123;Magdalena Maris;2018-07-22T05:38:38.000Z;Comment;0;One of the most beautiful vodeoclip that I ever saw...amazing...congrats....;null;en;positive
124;Jen Lai;2018-07-21T22:10:29.000Z;Comment;0;I love this song!ðŸ˜™;null;en;positive
125;Maria Isabel Franco;2018-08-05T05:59:36.000Z;Reply to Brayan MariÃ±o;0;ðŸ˜ the;null;en;positive
126;Krisfifty27;2018-07-21T06:19:18.000Z;Comment;0;It's about my parents. They were together for 70 years :)I love this song. It's wonderful.;null;en;positive
127;Jensy Hernandez;2018-07-21T05:15:17.000Z;Comment;168;I love the song;null;en;positive
128;Lomkima Hmar;2018-07-20T09:49:55.000Z;Comment;0;i don't have idea what's the song about.. but ilove the video;null;en;positive
129;Lil Blizzy;2018-07-21T04:41:25.000Z;Reply to Lil Blizzy;0;Worda everything on gd;null;en;neutral
130;valen cia;2018-07-18T05:16:05.000Z;Comment;31;The first time i heard this song .. i can't stop listening. Beautiful song and video...;null;en;positive
131;Manuela Duran;2018-08-04T03:14:30.000Z;Reply to valen cia;1;I LO VE This song it macks me cryðŸ˜ðŸ¤£ðŸ˜‹;null;en;positive
132;Axrty;2018-07-18T01:22:22.000Z;Comment;11;This is a really good song.;null;en;positive
133;Justa Silvia Mayora;2018-07-16T22:03:42.000Z;Comment;0;sing to me;null;en;positive
134;Andrzej Czarnecki;2018-07-16T20:56:39.000Z;Comment;0;Great pace. Congratulations. Regards. Sound studio in Poland. Andrew. - Multifonika.Net;null;en;positive
135;dra Hernandez Oyarzun;2018-07-28T16:24:33.000Z;Reply to Jason Alejandro Monroy Rueda;0;ðŸ˜ðŸ˜ðŸ˜ðŸ˜ðŸ˜ðŸ˜   thiare  carcamo;null;en;neutral
136;Gurwinder Kumar;2018-07-14T18:42:11.000Z;Comment;0;Omg the location ðŸ˜ðŸ˜ðŸ˜ðŸ˜so nice song ðŸ”¥ðŸ”¥ðŸ”¥ðŸ”¥ðŸ”¥â¤â¤ðŸ’–ðŸ’–ðŸ’–ðŸ’–ðŸ‘ðŸ‘ðŸ‘ðŸ‘ðŸ‡®ðŸ‡³ðŸ‡®ðŸ‡³ðŸ‡®ðŸ‡³ðŸ‡®ðŸ‡³;null;en;positive
137;LostHello;2018-07-13T11:35:49.000Z;Comment;0;I just can't stop replaying this song! Help!;null;en;joke
138;VALENTINA RESTREPO GOMEZ;2018-07-13T01:44:31.000Z;Reply to Jitzabel Rodriguez;0;total;null;en;joke
139;mands 05;2018-07-11T23:38:50.000Z;Comment;15;I love this song. Greetings from Brazil!;null;en;positive
140;A GDragon stan VIP88;2018-07-11T14:45:22.000Z;Comment;0;I dnt even who is who n didnt understand what they are singing . But their voices are so beautiful n so in love with the song â¤â¤â¤â¤;null;en;positive
141;hannasoleil2004;2018-07-10T11:48:33.000Z;Comment;0;There is loveðŸ˜;null;en;positive
142;Jordan Rose;2018-07-08T18:57:01.000Z;Comment;0;leave me to steal a kiss to get to my soul! like the oldies we used to like;null;en;positive
143;WAJAH JAKARTA;2018-07-08T13:23:20.000Z;Comment;98;VERY RIGHT IN HEARING, I ALWAYS SAY THIS SONG EVERY SECOND AGAIN HIGHLY READ THANK YOU( PERFECT AGAIN 2019) 2019;null;en;positive
144;Iris McMahan;2018-07-05T20:59:58.000Z;Comment;0;Love this song!! Yay!;null;en;positive
145;Browndez Hanse;2018-07-05T17:36:28.000Z;Comment;0;Top music keep up with the good work;null;en;positive
146;Solution Master;2018-07-04T05:42:52.000Z;Comment;0;Oh ! I love this song very much...............;null;en;positive
147;the future infotech;2018-07-03T02:05:33.000Z;Comment;167;I love this singer;null;en;positive
148;Jensy Hernandez;2018-07-21T05:14:46.000Z;Reply to the future infotech;0;Y love the song;null;en;positive
149;Lil Blizzy;2018-07-20T07:53:42.000Z;Reply to Manoj Bhuyan;2;White people stop listening to this go back to ya country music;null;en;negative
150;Maja olkun;2018-07-03T08:58:55.000Z;Reply to Maja olkun;1;And smile at the same time â¤ï¸;null;en;positive
151;Daniela Paz Castro;2018-07-18T19:23:36.000Z;Reply to JuliXãƒ„;0;what;null;en;neutral
152;Maritza hernandez;2018-07-01T00:14:41.000Z;Comment;0;Just an English comment going round;null;en;neutral
153;Valeria Cruz Calle;2018-07-16T23:49:38.000Z;Reply to Codigo Mundial;0;The Pex;null;en;neutral
154;Jose A. AlpÃ­zar C.;2018-07-08T08:03:22.000Z;Reply to Himanshi Verma;1;Himanshi Verma the chorus is "Let me steal a kiss from you so it gets to my soul -  like one of those old Vallenatos we use to like - I know you're feeling butterflies I also felt their wings - let me steal a kiss from you, to make you felt in love and you'll never get to leave"... Hopefully that makes sense!;null;en;positive
155;Leon Winkel;2018-06-23T17:17:26.000Z;Comment;0;I Love this Song;null;en;positive
156;Cristal VillaseÃ±or;2018-06-22T23:26:30.000Z;Comment;0;I love this song it is my top favoritoðŸ˜ŠðŸ˜Š;null;en;positive
157;Angie PlayzGamez;2018-06-21T16:27:50.000Z;Comment;0;Nice and awesome;null;en;positive
158;Jessics Ochoa;2018-07-07T16:25:01.000Z;Reply to Mari Albert Martz Rui;0;I Love this;null;en;positive
159;ZoltÃ¡n Lukovics;2018-06-19T15:27:12.000Z;Comment;18;i send this song to my wife. She told me that was the best song of all. I love. GGGGreat un beso from Slovakia.;null;en;positive
160;elletraflores;2018-06-16T22:53:27.000Z;Comment;0;love that happy beat and their smiles!ðŸ’–ðŸ’–;null;en;positive
161;Maria Garay;2018-06-14T02:25:24.000Z;Comment;0;love theÂ song!!!!!!!!!!!!!!!!;null;en;positive
162;Fabio Carvalho;2018-06-12T01:22:04.000Z;Comment;1;I would give 10,000 likes to this music video if I could... It's Wonderful;null;en;positive
163;Javier RubiÃ±o;2018-06-08T13:53:31.000Z;Comment;0;Oficial ðŸ‘®ðŸ»â€â™‚ï¸;null;en;neutral
164;Mari lyn;2018-05-31T23:11:24.000Z;Comment;1;Hermosa cancion â™¡;null;en;positive
165;Ice Wizard;2018-05-30T22:24:21.000Z;Comment;0;Carlos Vives is the best !;null;en;positive
166;Veronica Radauta;2018-05-23T05:12:04.000Z;Comment;1;Carlos y SebastiÃ¡n The Best!!!ðŸ¤—ðŸ¤—ðŸ¤—;null;en;positive
167;Sara Trujllo;2018-07-13T20:49:43.000Z;Reply to Nubia Nicole Reyes Robles;0;Tonta;null;en;negative
168;MIHA ELA;2018-05-20T21:23:33.000Z;Comment;8;Love this song!ðŸ’šâ¤ðŸ’™;null;en;positive
169;BENITOHERNANDEZ75;2018-05-20T04:55:30.000Z;Comment;14;First time ever hearing this. Iâ€™m behind.;null;en;positive
170;Xochitl Del castillo;2018-05-18T18:09:26.000Z;Comment;0;I LOVE THIS SONG;null;en;positive
171;Smile Smile;2018-05-16T02:49:22.000Z;Comment;0;I like this song â¤;null;en;positive
172;Reggy;2018-05-15T23:13:56.000Z;Comment;0;Love this song so much <3;null;en;positive
173;Aysha Chowdhury;2018-05-15T15:22:44.000Z;Comment;1;what a song!!!! I am the most visitor for this song, Thanks for gift;null;en;positive
174;brilly Alvarez londoÃ±o;2018-05-14T23:40:52.000Z;Comment;0;Whew;null;en;neutral
175;Isabel Rodriguez;2018-05-21T23:03:48.000Z;Reply to CrazyDRaKe;1;CrazyDRaKe  very much for the information and forgive me to;null;en;neutral
176;Juan Manuel Jimenez Velasquez;2018-05-08T03:09:16.000Z;Comment;0;AndreaðŸ˜ðŸ˜;null;en;neutral
177;David Sotomayor;2018-05-07T18:00:11.000Z;Comment;0;Hello your video  is romantic and  interesting, I like it!!;null;en;positive
178;El Trindade;2018-05-07T05:43:23.000Z;Comment;0;Me gusto.. and touched video;null;en;positive
179;Existe toto thiago;2018-05-05T10:25:44.000Z;Comment;2;Thiago ðŸ’œðŸ’›ðŸ’šðŸ’œðŸ’›ðŸ’šðŸ’œðŸ’›ðŸ’šðŸ’šðŸ’›ðŸ’œðŸ’šðŸ’šðŸ’›ðŸ’œðŸ’šðŸ’›ðŸ’œðŸ’šðŸ’›ðŸ’œðŸ’šðŸ’›ðŸ’œðŸ’šðŸ’›ðŸ’œðŸ’šðŸ’›ðŸ’œðŸ’šðŸ’›ðŸ’œðŸ’šðŸ’›ðŸ’œðŸ’œðŸ’œðŸ’œðŸ’œðŸ’šðŸ’šðŸ’šðŸ’›;null;en;neutral
180;Swastik Fadatre;2018-05-03T07:42:35.000Z;Comment;24;End less the best ever;null;en;negative
181;Carole Helmandollar;2018-05-01T22:20:14.000Z;Comment;0;yes that's all I need lolðŸ˜‰ðŸ˜˜;null;en;joke
182;Existe toto thiago;2018-05-01T03:45:03.000Z;Comment;1;thiagonbvnji@ðŸ˜˜ðŸ˜˜ðŸ˜˜ðŸ˜˜ðŸ˜˜ðŸ’ðŸ’;null;en;neutral
183;Diana Machuca;2018-04-26T15:51:14.000Z;Comment;0;i like there music;null;en;positive
184;Ofelia Pulido;2018-04-25T22:54:49.000Z;Comment;0;I like this;null;en;positive
185;Sylvanna Oliveri;2018-04-24T09:32:04.000Z;Comment;1;i love this song;null;en;positive
186;Grace IndigoEvents;2018-04-19T06:01:29.000Z;Comment;0;This song made me learn Spanish some how. Thank you  for creating great music :)  Grace from Canada :);null;en;positive
187;Weatherby;2018-04-17T02:28:43.000Z;Comment;0;This song really like El Amante;null;en;negative
188;Alf Hernandez;2018-04-15T23:10:36.000Z;Comment;1;Screenshot from your system immediately and destroy any printed copies of this communication in error and then you can get a new job in the other day that I can be found in the same time I was just thinking of you to the same as a result I will have the other day I am not a problem for the other side is U u ever think about this but it is not an intended only a couple weeks and it was just wondering what I have been working in a couple of weeks and I will be;null;en;negative
189;Alf Hernandez;2018-04-18T00:53:01.000Z;Reply to Alf Hernandez;0;The only thing is I 247ðŸ˜ŽðŸ˜;null;en;neutral
190;Sagar chandran;2018-04-29T15:28:44.000Z;Reply to Sagar chandran;0;this colombian song?;null;en;neutral
191;Jazelle Ortega;2018-04-13T00:34:59.000Z;Comment;0;Love this song;null;en;positive
192;Jada Hines;2018-04-12T02:22:56.000Z;Comment;0;i dont speak fluent spanish but this a bop;null;en;positive
193;Joseph Hervieux;2018-04-11T11:58:45.000Z;Comment;0;this is dedicated to mi amore;null;en;positive
194;Joseph Kelley;2018-04-10T23:44:11.000Z;Comment;0;whoâ€™s here because of the march madness bracket in spanish class?;null;en;negative
195;Angily SÃ¡nchez CastaÃ±eda;2018-04-06T22:17:48.000Z;Comment;0;Angily amor.ðŸ˜‚ðŸ˜‚ðŸ˜‚ðŸ’•ðŸ˜´;null;en;neutral
196;Angily SÃ¡nchez CastaÃ±eda;2018-04-06T22:01:46.000Z;Comment;0;Angily amor ðŸ˜;null;en;neutral
197;Ilham Pratt;2018-04-06T13:31:15.000Z;Comment;0;i'm Indonesian but i like this song, Dejame Robatre un Beso;null;en;positive
198;Humza Uddin;2018-04-06T11:45:03.000Z;Comment;0;the teenage girl is absolutely wifey <3;null;en;negative
199;Lovejoy411;2018-04-05T21:12:37.000Z;Comment;2;great music is when you dont understand the words but you know they're singing from the heart;null;en;positive
200;mis amigibud Iizarraga Cardona;2018-04-04T16:55:58.000Z;Comment;1;The amount vives;null;en;neutral
201;Mbili Tshiningayamwe;2018-04-03T13:55:18.000Z;Comment;0;please anyone to translate this song to English.;null;en;suggestion
202;Damian Jany;2018-04-03T11:21:24.000Z;Comment;0;Where is Sofia Reyes "1,2,3";null;en;negative
203;gsmenendez;2018-04-02T15:57:03.000Z;Comment;0;I just love this song!!!;null;en;positive
204;JD Collins;2018-03-29T21:05:41.000Z;Comment;18;I donâ€™t know the lyrics but itâ€™s great;null;en;positive
205;Spider Mercenary;2018-04-04T22:24:39.000Z;Reply to JD Collins;2;JD Collins I had to do listen to this song in Spanish class because of musical march we listened to alot of Spanish songs;null;en;joke
206;Kevin;2018-03-28T06:46:33.000Z;Comment;0;Horror fan? Check out 'Ash VS Evil Dead'. It's a horror/comedy staring Bruce Campbell, Lucy Lawless, Lee Majors etc. The first two seasons are up on Netflix with season 3 airing on Starz. It's one of the most original shows I've seen in years and it's on the bubble as not a lot of people are even aware that it exists.;null;en;suggestion
207;Daniela Martinez;2018-03-27T04:32:01.000Z;Comment;0;This is actually so good!;null;en;positive
208;adriana morenoduplan;2018-03-26T21:13:52.000Z;Comment;0;This is one of the best songs I've heard that I like the most about Carlos vives and sebastian yatra;null;en;positive
209;Adrian Gaming;2018-03-26T18:21:41.000Z;Comment;0;That song is good;null;en;positive
210;Jessica Loza;2018-03-24T18:50:16.000Z;Comment;0;Of//ja;null;en;neutral
211;Carina Villanueva;2018-03-26T14:55:14.000Z;Reply to freebax 01;0;is;null;en;neutral
212;The Sweet Potato Network;2018-03-24T01:05:23.000Z;Comment;0;My spanish teacher used this to teach. I still listen to itðŸ˜‚;null;en;positive
213;Nataleigh Ashleigh;2018-03-23T08:12:49.000Z;Comment;1;oh my God!!!! why all the people in this video clip got dimple cheek??? they are so beautiful!;null;en;positive
214;Mullapudi Pavan Teja;2018-03-20T13:15:49.000Z;Comment;0;What an awesome song... !! Love from India;null;en;positive
215;Gummy Bear;2018-03-19T20:01:21.000Z;Comment;0;Nobody in the comment section speaks English. lol;null;en;joke
216;Hugos Yuh;2018-03-19T08:03:55.000Z;Comment;0;give this man 1 billion views!!!;null;en;positive
217;renzo games;2018-03-25T20:52:58.000Z;Reply to kaira hernÃ¡ndez;0;Ton;null;en;neutral
218;Jackie Mendez;2018-03-16T17:00:16.000Z;Comment;0;I LOVE THIS SONGðŸ˜ðŸ˜ðŸ˜ðŸ˜ðŸ˜ðŸ˜ðŸ˜ðŸ˜ðŸ˜ðŸ˜ðŸ˜ðŸ˜ðŸ˜ðŸ˜ðŸ˜ðŸ˜ðŸ˜ðŸ˜ðŸ˜ðŸ˜ðŸ˜ðŸ˜ðŸ˜ðŸ˜ðŸ˜ðŸ˜;null;en;positive
219;StrivingMuslimah;2018-03-16T01:47:34.000Z;Comment;49;Is anybody else doing that school voting thing for March madness? That's where I came fromðŸ˜­;null;en;joke
220;Borgish;2018-03-25T03:35:27.000Z;Reply to StrivingMuslimah;0;Me too!;null;en;joke
221;Ainara Diaz;2018-03-27T09:48:16.000Z;Reply to Lulu Velazquez;0;Lulu Velazquez thkp;null;en;neutral
222;rusdi ichsani;2018-03-14T15:22:33.000Z;Comment;0;i am from indonesia, if i listening this song , i want dance.;null;en;positive
223;a7mad nbhan;2018-03-14T09:30:37.000Z;Comment;0;Their voices ðŸ˜;null;en;positive
224;John Doe;2018-03-14T03:37:38.000Z;Comment;0;No clue wtf their saying but i like it!;null;en;positive
225;SAM wickramatunga;2018-03-13T15:23:56.000Z;Comment;0;Love this song so muchhh.. I hear it every morning... Love it alottt;null;en;positive
226;Jenna Vallely;2018-03-10T09:44:51.000Z;Comment;0;Love this song;null;en;positive
227;Maya Delatorre;2018-07-25T17:19:48.000Z;Reply to LuLu Juguemos Games Baby;0;I dedicate this song to XC 21 01;null;en;positive
228;Reginaldo Campa;2018-03-06T23:08:13.000Z;Comment;1;I like the song ðŸŽ¶ very much and also I don't know what say the song.;null;en;positive
229;Kapandu Mukova;2018-03-06T23:00:17.000Z;Comment;0;this  song  touches  my heart  wish  someone  can  translate for  in English language;null;en;suggestion
230;TdotFerreal;2018-03-06T22:43:12.000Z;Comment;0;Someone translate the best part for me. My girl thinks I can understand!!!!ðŸ˜‚ðŸ˜‚;null;en;positive
231;Melissa Abigail Razo Regalado;2018-03-06T00:35:31.000Z;Comment;0;The best music;null;en;positive
232;Nahiara Ochoa;2018-03-06T00:31:47.000Z;Comment;0;Hermosa cancion ðŸ˜³ðŸ˜³ðŸ˜³ðŸ˜³ðŸ˜³;null;en;positive
233;jesus madrigal;2018-03-06T00:14:43.000Z;Comment;0;This is my favorite song it is the best ðŸ˜„ðŸ˜…ðŸ˜ðŸ˜†;null;en;positive
234;Sebastian 2 Vlogs;2018-03-06T00:12:52.000Z;Comment;2;Thak you malumaðŸ˜€ðŸ˜€ðŸ˜€ðŸ˜€;null;en;negative
235;Joicelin Burgos;2018-03-04T00:22:28.000Z;Comment;0;is realy golf....ðŸ˜‘ðŸ˜ðŸ˜ðŸ˜Ž;null;en;negative
236;Luis Juarez;2018-03-03T18:26:10.000Z;Comment;1;Wou;null;en;neutral
237;VitÃ³ria Soares;2018-03-01T14:19:13.000Z;Comment;0;LÃ¡ mejor cancion..;null;en;positive
238;jesus madrigal;2018-02-28T12:59:23.000Z;Comment;0;This song is the best;null;en;positive
239;Maira Marquina;2018-04-03T19:56:02.000Z;Reply to esskeetit esskeetit;0;the crazy dog hombo brf;null;en;joke
240;leonel ernesto;2018-04-03T01:25:54.000Z;Reply to esskeetit esskeetit;0;the crazy dog hombo  . tienes razÃ³n;null;en;joke
241;Paulina Puente Mancera;2018-02-26T11:39:14.000Z;Comment;0;This song reminds me of the precious vacations I spent with my beloved godmother Tona <33333;null;en;positive
242;jesus madrigal;2018-02-24T14:58:43.000Z;Comment;0;I love this song;null;en;positive
243;Kaylee sanchezArmy;2018-02-22T04:03:55.000Z;Comment;0;I love this song I love reggeaton;null;en;positive
244;arlett ortega;2018-02-19T00:43:24.000Z;Comment;0;H8 this song;null;en;negative
245;claud kid;2018-02-19T00:02:55.000Z;Comment;0;hermosa cancion  :3;null;en;positive
246;Hardik Rai;2018-02-18T10:11:18.000Z;Comment;0;I didn't understand a single word but still this song is amazingâ¤ï¸ðŸ–¤;null;en;positive
247;Juan Rivera;2018-02-17T04:40:56.000Z;Comment;0;From the US mate;null;en;positive
248;Zara Crespo;2018-02-16T15:16:25.000Z;Comment;0;Cancion hermosa;null;en;positive
249;Natalya P.;2018-02-15T21:07:28.000Z;Comment;0;OMG! The better playlist por dioooos!;null;en;positive
250;Rowana Brown;2018-02-15T16:06:45.000Z;Comment;43;I don't even speak Spanish and I love listening to this song. I am going to learn the words!;null;en;positive
251;free estate yeet;2018-02-23T16:27:42.000Z;Reply to Rowana Brown;1;Itâ€™s better to sing this in Spanish than English;null;en;positive
252;Matthew Henson;2018-02-15T00:10:47.000Z;Comment;0;Just an English comment passing through;null;en;neutral
253;Mirta Coceres;2018-02-20T23:43:17.000Z;Reply to Andrea Antillon;1;Andrea Antillon;null;en;neutral
254;DRUMMER 561;2018-02-13T16:39:04.000Z;Comment;0;1.25 speed tho.;null;en;neutral
255;lissette mendoza;2018-02-11T21:12:54.000Z;Comment;0;Hermosa cancion ðŸ˜—;null;en;neutral
256;Nany estefany Huanio guerra;2018-02-11T04:09:36.000Z;Comment;0;Hermosa cancion ...â¤â¤;null;en;neutral
257;Gonzalo el pro delgado;2018-02-11T01:02:01.000Z;Comment;2;Ana;null;en;neutral
258;Suny Martinez;2018-02-10T20:45:25.000Z;Comment;2;Hermosa cancion ðŸ˜ðŸ˜ðŸ˜;null;en;positive
259;Minh Hoang;2018-02-09T17:18:07.000Z;Comment;0;10/2/2018 ÄÃ£ ghÃ© vÃ o nghe vÃ  bÃ i hÃ¡t tháº­t sá»± ráº¥t hay ðŸ˜™;null;en;neutral
260;Anchy Moon;2018-02-08T21:56:11.000Z;Comment;0;Where is that bridge !??!??!? :D;null;en;neutral
261;Nathaly Nole;2018-02-08T20:08:51.000Z;Comment;1;OH MY GOSH THAT SONG IS SO CUTE;null;en;positive
262;Fernanda Cano;2018-02-07T22:42:54.000Z;Comment;0;The amo  Carlos   GivesðŸ˜˜ðŸ˜ðŸ˜˜ðŸ˜ðŸ˜˜;null;en;joke
263;A R M Y B L I N K;2018-02-14T02:16:27.000Z;Reply to Renee LÃ³pez;0;Renee LÃ³pez *cancion.  *hase;null;en;neutral
264;Dark Motion Studios;2018-02-04T22:17:26.000Z;Comment;0;I love this son.;null;en;positive
265;Mari Carmen;2018-02-09T19:09:54.000Z;Reply to Griselda Coronel;0;tonta;null;en;negative
266;Mayra Alvarez-Farias;2018-02-03T14:40:27.000Z;Comment;0;This is my song right here;null;en;positive
267;Francisco Ortega;2018-02-02T01:56:30.000Z;Comment;0;Barely know any spanish, but i love this song!;null;en;positive
268;Nouri keddadi;2018-02-01T15:24:58.000Z;Comment;0;Don't understand a word but the song is so beautiful bravoðŸ‘Œ;null;en;positive
269;a kal;2018-01-31T21:28:30.000Z;Comment;0;although , i don't speak Spanish . the joy of this song gives me a chills and shivers viva Latina ....;null;en;positive
270;Luis HernÃ¡ndez Iriarte;2018-01-31T13:34:28.000Z;Comment;0;Whuo;null;en;neutral
271;kikira Kings;2018-01-31T03:19:06.000Z;Comment;0;I really love this song, not just this song an the rest u have made love it all. Lol ðŸ˜ðŸ˜ŠðŸ˜ŠðŸ˜ŠðŸ˜;null;en;positive
272;Petra Dolenc;2018-01-30T21:48:34.000Z;Comment;0;I am obsessed with this song <3 Que letra fenomenal!;null;en;positive
273;Whyou Wannaknow;2018-01-29T07:49:23.000Z;Comment;0;this Carlos Vives creeps me out, he seems to try too hard to look happy and cheerful.;null;en;negative
274;depressedlittleunicorn 97;2018-01-27T06:33:58.000Z;Comment;0;This song brings me to tears and i dont know half of the words they're saying;null;en;positive
275;Chicken clippin;2018-01-27T00:15:56.000Z;Comment;0;Just an English comment rolling through...;null;en;neutral
276;karla flores;2018-01-26T02:54:16.000Z;Comment;0;This song is beatifull;null;en;positive
277;Santi 1830;2018-01-25T19:36:01.000Z;Comment;0;pinche cancion qlera;null;en;neutral
278;Hoang Skylar;2018-01-25T17:18:57.000Z;Comment;0;I found out that Latin songs are so good <3  i really want to learn Spanish. :3;null;en;positive
279;Caroline Verver;2018-01-25T13:40:23.000Z;Comment;1;the best!!!! I love it!!!! <3 <3 reminds me of all my beautiful memories in Colombia <3 .;null;en;positive
280;Anairis Blanco;2018-01-31T15:52:43.000Z;Reply to mia YÃ±iguez unicorn;0;toto;null;en;neutral
281;Johanna P;2018-01-22T10:26:54.000Z;Comment;1;This song is the best! I really really love the beat, it makes me happy. And I also like the lyrics and the Video! I think the Video is somehow different and creative in a very good way.. I want more songs like this!!! :D;null;en;positive
282;Vanessa Cruz Coria;2018-01-19T02:45:02.000Z;Comment;1;Necesito mÃ¡s canciones que me hagan sentir como esta. // I need more songs that make me feel the way this one does.;null;en
283;elizabeth garduÃ±o;2018-01-17T19:47:42.000Z;Comment;0;Me encanta esta cancion the;null;en;positive
284;Mckee Ward IV;2018-01-14T15:39:38.000Z;Comment;0;Itâ€™s cute how the couples feel in love. ðŸ’—;null;en;positive
285;Callahan Suave;2018-01-14T00:27:14.000Z;Comment;0;No idea what theyâ€™re saying but I can dig it.;null;en;positive
286;Janie Vazquez;2018-01-12T18:20:59.000Z;Comment;1;ðŸ’–ðŸ’•ðŸ’•ðŸŽ¶lv it!!! ðŸ˜œðŸ˜šðŸ˜šðŸ˜š2018;null;en;positive
287;Jherlene Cargill;2018-01-11T19:03:26.000Z;Comment;0;What the hell is going on with hispanic that it's just hit after hit with all different artists... people that I'd never thought would colab.... I am out of it!!!! I am in love with all of them!!!;null;en
288;frisk undertale;2018-01-18T17:02:05.000Z;Reply to THORWELL;0;THORWELL    yo XD;null;en;joke
289;MamÃ  Manda;2018-01-18T02:25:59.000Z;Reply to THORWELL;0;THORWELL aqui;null;en;neutral
290;Alicia Hampton;2018-01-11T03:46:31.000Z;Comment;0;Beautiful....thank you for that song.;null;en;positive
291;Sandra Caiza;2018-01-09T21:04:54.000Z;Comment;0;Hermosa cancion ðŸ˜ðŸ˜;null;en;positive
292;Lizette 80;2018-01-08T15:15:22.000Z;Comment;6;~El poder de un beso dado con amor real, the power of one kiss~;null;en;positive
293;el friki paz;2018-01-08T13:47:28.000Z;Comment;0;Pero she don :t a fo;null;en;joke
294;el friki paz;2018-01-08T13:47:02.000Z;Comment;1;Pero she don "t fo;null;en;joke
295;Cassandra Kozyakova;2018-01-06T22:39:26.000Z;Comment;0;I fell in love with this song! <3;null;en;positive
296;Laura Fifer;2018-01-06T14:42:31.000Z;Comment;0;I love this man!! And your beautiful music. You bring me joy, especially when i just lost my mother. Your song reminds me of her love.;null;en;positive
297;Raniya Mahdi Imad;2018-01-05T10:53:09.000Z;Comment;0;Absolutely love this song!! â¤ï¸;null;en;positive
298;Amy Sullivan;2018-01-05T05:01:18.000Z;Comment;22;Love this song. AMY SULLIVAN From Louisiana;null;en;positive
299;Jorge Ramirez Figueroa;2018-01-04T06:07:49.000Z;Comment;0;Just an English comment going by;null;en;neutral
300;wolf vs fox;2018-01-03T01:59:56.000Z;Comment;3;I LOVE THIS SONG;null;en;positive
301;amy amy;2018-01-02T17:04:17.000Z;Comment;0;@1.36 which is this place?? Anyone? Which country! So beautiful....  Love the song!!!ðŸ˜ðŸ˜ðŸ˜;null;en;positive
302;Rodrigo;2017-12-31T06:35:21.000Z;Comment;0;CANCION RECEPCION 2018 MAN;null;en;positive
303;mburak'z Gintink;2017-12-30T14:48:58.000Z;Comment;0;thanks you;null;en;positive
304;amanda lmao;2017-12-29T07:54:36.000Z;Comment;0;i'm really out here cryin ... i  really Am;null;en;positive
305;Jhonatan Caicedo;2018-01-02T03:31:57.000Z;Reply to Alejandra Alcala;1;Hermosa cancion..!!;null;en;positive
306;Reyna Castellano;2017-12-27T18:31:58.000Z;Comment;0;Love this song and do not forget people when you here this song gibe a thumps up and remember love people who really love you to.ðŸ˜˜ðŸ’–;null;en;positive
307;Yuliana Azpeitia Cruz;2017-12-27T17:29:39.000Z;Comment;0;I love this song ðŸ˜ðŸ˜˜ðŸ˜—ðŸ˜™ðŸ˜šðŸ’“ðŸ’“ðŸ’—;null;en;positive
308;Annais Novoa;2017-12-27T15:40:09.000Z;Reply to ani geronimo;0;annais novoa;null;en;neutral
309;Victor Hembrom;2017-12-26T19:02:31.000Z;Comment;22;I don't know Spanish but this song is very uplifting and leaves me with a smile with a slight tear in my eye;null;en;positive
310;camila lucero xd;2017-12-26T17:37:58.000Z;Comment;350;Hermosa cancion ðŸ˜ðŸ˜ðŸ˜;null;en;positive
311;Joe S. Ibanez;2017-12-26T00:54:27.000Z;Comment;0;It is clear why latin america is trending on you tube most played videos accross the globe. Latin music and ifluence worldwide is reaching every soul on this planet.;null;en;positive
312;MarÃ­a AngÃ©lica Porras Manrique;2017-12-25T14:12:08.000Z;Comment;0;RED!!;null;en;joke
313;Thomaz Ahualli De Sanctis;2017-12-25T13:13:02.000Z;Comment;0;The little boy looks like Fernando torres, hahaha;null;en;joke
314;Jorn H;2017-12-24T23:12:54.000Z;Comment;0;This is so cute;null;en;positive
315;Leticia Lopez;2017-12-24T01:10:54.000Z;Comment;0;I love this song;null;en;positive
316;Iker Josue Rosero Nazareno;2017-12-22T17:49:24.000Z;Comment;0;Hermosa cancion â¤â¤ðŸ’—;null;en;positive
317;Mundo Epico GTA 5-World Stunt;2017-12-21T00:34:22.000Z;Comment;0;What? 1:57;null;en;neutral
318;Derek Zuzunaga;2017-12-19T22:00:47.000Z;Comment;0;music like this makes me want to fly to Colombia and never come back;null;en;positive
319;AGGI D;2017-12-19T01:29:06.000Z;Comment;0;It'd be nice to know what are the singing and the story they told here. Can someone translate this, please?;null;en;suggestion
320;Danna Cattan;2017-12-17T16:44:53.000Z;Comment;0;I love this music;null;en;positive
321;Hamid Allam;2017-12-17T09:48:04.000Z;Comment;0;woow my god finally i found this song ' kind regards;null;en;positive
322;Aditya Patil;2017-12-16T14:34:43.000Z;Comment;0;This song brought tears to my eyes!!Can't say anything. This song is above everything!!;null;en;positive
323;N T;2017-12-16T03:39:25.000Z;Comment;0;i have no idea what this song is about, but it's music to my ears.;null;en;positive
324;Jaime Lopez;2017-12-16T03:27:53.000Z;Comment;0;THIS SONG IS TRASHHHHHHHHHHHHHHHHHHHHHHHHHHHHHHHHHH;null;en;negative
325;David Lo;2017-12-15T21:13:16.000Z;Comment;0;Gosh dam this is a good song;null;en;positive
326;Hamid Allam;2017-12-15T15:13:32.000Z;Comment;0;i saw the people very happy with that melody;null;en;positive
327;French Doge;2017-12-14T03:30:36.000Z;Comment;0;Why do I relate to the kids part of it...;null;en;negative
328;Millie Miralda;2017-12-14T02:05:55.000Z;Comment;0;IVE NOT 2 B RTHE DRUNKEN 4 THEEEE B THE DRUNKEN;null;en;joke
329;Millie Miralda;2017-12-14T02:03:36.000Z;Comment;0;FUKIN LOVE THIS SOHNG TOOOO;null;en;positive
330;Alcides Gomez Castro;2017-12-13T15:51:29.000Z;Comment;0;Cancion  bacana;null;en;negative
331;Gloria Gutierrez;2017-12-12T02:05:21.000Z;Comment;0;Not sure why but this song made me cry;null;en;positive
332;Cindy Verdugo;2017-12-13T02:25:56.000Z;Reply to Igna 07;0;The Igna07 que p2;null;en;neutral
333;Julio Olivera Moreno;2017-12-10T23:50:05.000Z;Comment;0;ðŸ”¥ ðŸ“¹ ðŸ™‰ ðŸ‘ ðŸ‘Œ ðŸ’° ðŸ· ðŸŒ² ðŸŽ„  ðŸ˜¹  WOW I just won an iPhone 8 on this giveaway.  ðŸ’œ â­ï¸ âš¡ï¸ â˜ï¸ ðŸ¥‚ ðŸ¥ƒ lnkapple8Rk_I;null;en;neutral
334;Julio Olivera Moreno;2017-12-10T23:50:02.000Z;Comment;0;ðŸ”¥ ðŸ“¹ ðŸ™‰ ðŸ‘ ðŸ‘Œ ðŸ’° ðŸ· ðŸŒ² ðŸŽ„  ðŸ˜¹  WOW I just won an iPhone 8 on this giveaway.  ðŸ’œ â­ï¸ âš¡ï¸ â˜ï¸ ðŸ¥‚ ðŸ¥ƒ lnkapple_5I0_;null;en;neutral
335;maria morales;2017-12-10T02:52:01.000Z;Comment;1;hermosa Cancionâ™¡â™¡â™¡;null;en;positive
336;Amber ellis;2017-12-09T20:06:40.000Z;Comment;0;Why does Caro look like she doesn't want to be there;null;en;neutral
337;ROBERTITOMASNA ROJAS MORAN;2017-12-09T16:22:28.000Z;Comment;0;Hermosa cancion <3;null;en;positive
338;V H.;2017-12-08T19:17:06.000Z;Comment;0;This is my absolute favorite song! It's been on repeat for DAYSSSSSS!!!! ðŸ˜ðŸ˜ðŸ˜ â¤â¤â¤;null;en
339;Iago Campos Elvira;2017-12-15T21:59:40.000Z;Reply to Top 1;0;Andy;null;en;neutral
340;a. surburbancrack2;2017-12-06T22:49:56.000Z;Comment;0;This is now one of my fav songs anyway lets see if there is english comments;null;en;positive
341;Maggie Alcantara;2017-12-06T18:23:37.000Z;Comment;0;I love this song and video, it's so sweet!!! <3 mas amor!;null;en;positive
342;Wolfgirl#2007 Wolfgirl#2007;2017-12-06T02:19:51.000Z;Comment;1;Love so cool like  it and if you  love  do not  cat like you don't;null;en;neutral
343;Ivan Rafael Perez NuÃ±ez;2017-12-14T04:12:58.000Z;Reply to ANGELiTO FDEZ;0;Rey An;null;en;neutral
344;DiscomovilGuacharaka;2017-12-06T01:13:20.000Z;Comment;0;this is the best song other than despacito;null;en;positive
345;BLESSINGS MWANZA;2017-12-05T11:17:36.000Z;Comment;0;I don't even know what this sing means but i know I love it;null;en;positive
346;ethem erdogan;2017-12-04T20:28:37.000Z;Comment;0;This song really speaks to me.;null;en;positive
347;Alice Bukoswi;2017-12-04T19:14:37.000Z;Comment;0;Thank you amiga;null;en;positive
348;Amaru Paredes;2017-12-04T18:13:46.000Z;Comment;0;The music is Very Cute;null;en;positive
349;Base Naval;2017-12-04T08:47:18.000Z;Comment;0;ðŸ’“ðŸ…ðŸŽ¸   VÃ­deo sexual de Charlize Theron http://videoleek.cf/n__79;null;en;negative
350;Base Naval;2017-12-04T08:26:56.000Z;Comment;0;ðŸ–¤ðŸ‘ŒðŸ„   VÃ­deo sexual de Charlize Theron https://www.youtube.com/watch?v=cWTjcdtIWjA_Fj86;null;en;negative
351;gheorghe ionel;2017-12-04T07:49:12.000Z;Comment;0;ðŸ˜   Videoclipul lui Charlize Theron https://www.youtube.com/watch?v=btbmtFH0eEgZ_8L_;null;en;negative
352;EstaciÃ³ HidrogrÃ¡fica Pampatar;2017-12-04T02:17:36.000Z;Comment;0;ðŸš¬   VÃ­deo sexual de Charlize Theron https://www.youtube.com/watch?v=dfDSdorBNzg_gC__;null;en;negative
353;EstaciÃ³ HidrogrÃ¡fica Pampatar;2017-12-04T02:13:21.000Z;Comment;0;ðŸ¦‹   VÃ­deo sexual de Charlize Theron http://videoleek.cf/CvUcT;null;en;negative
354;EstaciÃ³ HidrogrÃ¡fica Pampatar;2017-12-04T02:13:13.000Z;Comment;0;ðŸ¦‹   VÃ­deo sexual de Charlize Theron http://videoleek.cf/brxRh;null;en;negative
355;Alfredo Melian;2017-12-04T02:10:33.000Z;Comment;0;ðŸ˜‚ðŸ›€ðŸ½   VÃ­deo sexual de Charlize Theron https://www.youtube.com/watch?v=sVus91mdfbE_FL04;null;en;negative
356;Alfredo Melian;2017-12-04T02:10:28.000Z;Comment;0;ðŸ˜‚ðŸ›€ðŸ½   VÃ­deo sexual de Charlize Theron https://www.youtube.com/watch?v=sVus91mdfbE8_8_Y;null;en;negative
357;Alfredo Melian;2017-12-04T02:10:19.000Z;Comment;0;ðŸ˜‚ðŸ›€ðŸ½   VÃ­deo sexual de Charlize Theron https://www.youtube.com/watch?v=sVus91mdfbE_4bFX;null;en;negative
358;Alfredo Melian;2017-12-04T02:10:09.000Z;Comment;0;ðŸ˜‚ðŸ›€ðŸ½   VÃ­deo sexual de Charlize Theron https://www.youtube.com/watch?v=sVus91mdfbEa__Bd;null;en;negative
359;EstaciÃ³ HidrogrÃ¡fica Pampatar;2017-12-04T02:08:58.000Z;Comment;0;ðŸŒ½ðŸ·ðŸ¾   VÃ­deo sexual de Charlize Theron http://videoleek.tk/k__cC;null;en;negative
360;EstaciÃ³ HidrogrÃ¡fica Pampatar;2017-12-04T02:08:58.000Z;Comment;0;ðŸŒ½ðŸ·ðŸ¾   VÃ­deo sexual de Charlize Theron http://videoleek.tk/y_JHz;null;en;negative
361;EstaciÃ³ HidrogrÃ¡fica Pampatar;2017-12-04T02:08:50.000Z;Comment;0;ðŸ†ðŸ¦   VÃ­deo sexual de Charlize Theron http://videorec.gq/nEe_v;null;en;negative
362;EstaciÃ³ HidrogrÃ¡fica Pampatar;2017-12-04T02:08:50.000Z;Comment;0;ðŸ†ðŸ¦   VÃ­deo sexual de Charlize Theron http://videorec.gq/TsXsx;null;en;negative
363;Alfredo Melian;2017-12-04T02:06:53.000Z;Comment;0;ðŸ˜‚ðŸ›€ðŸ½   VÃ­deo sexual de Charlize Theron https://www.youtube.com/watch?v=Mtau4v6foHALLC_u;null;en;negative
364;Alfredo Melian;2017-12-04T02:06:53.000Z;Comment;0;ðŸ˜‚ðŸ›€ðŸ½   VÃ­deo sexual de Charlize Theron https://www.youtube.com/watch?v=Mtau4v6foHAhdR1_;null;en;negative
365;Alfredo Melian;2017-12-04T02:06:47.000Z;Comment;0;ðŸ˜‚ðŸ›€ðŸ½   VÃ­deo sexual de Charlize Theron https://www.youtube.com/watch?v=Mtau4v6foHAI_D__;null;en;negative
366;Alfredo Melian;2017-12-04T02:06:45.000Z;Comment;0;ðŸ˜‚ðŸ›€ðŸ½   VÃ­deo sexual de Charlize Theron https://www.youtube.com/watch?v=Mtau4v6foHA7_tb_;null;en;negative
367;Alfredo Melian;2017-12-04T02:06:44.000Z;Comment;0;ðŸ˜‚ðŸ›€ðŸ½   VÃ­deo sexual de Charlize Theron https://www.youtube.com/watch?v=Mtau4v6foHAbz_ng;null;en;negative
368;EstaciÃ³ HidrogrÃ¡fica Pampatar;2017-12-04T02:03:52.000Z;Comment;0;ðŸ’ž   VÃ­deo sexual de Charlize Theron http://videorec.ml/____D;null;en;negative
369;EstaciÃ³ HidrogrÃ¡fica Pampatar;2017-12-04T02:03:48.000Z;Comment;0;ðŸ’ž   VÃ­deo sexual de Charlize Theron http://videorec.ml/0jKsK;null;en;negative
370;Alfredo Melian;2017-12-04T02:01:12.000Z;Comment;0;âš¡ï¸â˜ï¸   VÃ­deo sexual de Charlize Theron http://videoleek.ga/__x_e;null;en;negative
371;Alfredo Melian;2017-12-04T02:01:04.000Z;Comment;0;âš¡ï¸â˜ï¸   VÃ­deo sexual de Charlize Theron http://videoleek.ga/zi1S_;null;en;negative
372;Alfredo Melian;2017-12-04T02:00:53.000Z;Comment;0;âš¡ï¸â˜ï¸   VÃ­deo sexual de Charlize Theron http://videoleek.ga/5_0Y6;null;en;negative
373;EstaciÃ³ HidrogrÃ¡fica Pampatar;2017-12-04T01:56:21.000Z;Comment;0;ðŸ³ï¸â€ðŸŒˆðŸ˜„ðŸ¥‡   VÃ­deo sexual de Charlize Theron http://videoleek.gq/kH0_D;null;en;negative
374;EstaciÃ³ HidrogrÃ¡fica Pampatar;2017-12-04T01:56:21.000Z;Comment;0;ðŸ³ï¸â€ðŸŒˆðŸ˜„ðŸ¥‡   VÃ­deo sexual de Charlize Theron http://videoleek.gq/__JLX;null;en;negative
375;Alfredo Melian;2017-12-04T01:49:04.000Z;Comment;0;âš¡ï¸â˜ï¸   VÃ­deo sexual de Charlize Theron http://videoleek.ga/x_uK7;null;en;negative
376;EstaciÃ³ HidrogrÃ¡fica Pampatar;2017-12-04T01:44:36.000Z;Comment;0;ðŸ»   VÃ­deo sexual de Charlize Theron http://videoleek.gq/CuyE7;null;en;negative
377;EstaciÃ³ HidrogrÃ¡fica Pampatar;2017-12-04T01:44:36.000Z;Comment;0;ðŸ»   VÃ­deo sexual de Charlize Theron http://videoleek.gq/_Y4__;null;en;negative
378;EstaciÃ³ HidrogrÃ¡fica Pampatar;2017-12-04T01:44:35.000Z;Comment;0;ðŸ»   VÃ­deo sexual de Charlize Theron http://videoleek.gq/__tke;null;en;negative
379;Academia Militar Guardia Nacional Bolivariana;2017-12-04T01:19:00.000Z;Comment;0;â­ï¸   VÃ­deo sexual de Charlize Theron https://www.youtube.com/watch?v=GMFewiplIbwz_k_U;null;en;negative
380;Academia Militar Guardia Nacional Bolivariana;2017-12-04T01:18:48.000Z;Comment;0;â­ï¸   VÃ­deo sexual de Charlize Theron https://www.youtube.com/watch?v=GMFewiplIbw7_k37;null;en;negative
381;Academia Militar Guardia Nacional Bolivariana;2017-12-04T01:18:43.000Z;Comment;0;â­ï¸   VÃ­deo sexual de Charlize Theron https://www.youtube.com/watch?v=GMFewiplIbwXYK5k;null;en;negative
382;Academia Militar Guardia Nacional Bolivariana;2017-12-04T01:14:47.000Z;Comment;0;â­ï¸   VÃ­deo sexual de Charlize Theron https://www.youtube.com/watch?v=Bf3TEh36yt0__min;null;en;negative
383;Inces Carabobo;2017-12-04T00:48:43.000Z;Comment;0;ðŸ™‰ðŸ¬ðŸ™‹ðŸ¼   VÃ­deo sexual de Charlize Theron http://videorec.ml/IgldL;null;en;negative
384;juan sandrea;2017-12-03T20:42:20.000Z;Comment;0;ðŸŒ¶ðŸ˜„ðŸŒª   VÃ­deo sexual de Charlize Theron http://videorec.ml/lBLL_;null;en;negative
385;Anthony GonzÃ¡lez;2017-12-03T20:39:31.000Z;Comment;0;ðŸ˜²   VÃ­deo sexual de Charlize Theron https://www.youtube.com/watch?v=why3fx7_sHwPGsKT;null;en;negative
386;Anthony GonzÃ¡lez;2017-12-03T20:39:31.000Z;Comment;0;ðŸ˜²   VÃ­deo sexual de Charlize Theron https://www.youtube.com/watch?v=Zm16QbBLkOMZ7_vG;null;en;negative
387;Anthony GonzÃ¡lez;2017-12-03T20:39:19.000Z;Comment;0;ðŸ˜²   VÃ­deo sexual de Charlize Theron https://www.youtube.com/watch?v=Zm16QbBLkOM__I__;null;en;negative
388;Anthony GonzÃ¡lez;2017-12-03T20:39:01.000Z;Comment;0;ðŸ˜²   VÃ­deo sexual de Charlize Theron https://www.youtube.com/watch?v=XS6JUSRs2fkm_M_x;null;en;negative
389;Anthony GonzÃ¡lez;2017-12-03T20:38:56.000Z;Comment;0;ðŸ˜ƒ   VÃ­deo sexual de Charlize Theron https://www.youtube.com/watch?v=oiDc8f81ZBw_sCzZ;null;en;negative
390;Anthony GonzÃ¡lez;2017-12-03T20:38:44.000Z;Comment;0;ðŸ˜ƒ   VÃ­deo sexual de Charlize Theron https://www.youtube.com/watch?v=rQg-7t3K4wg_CZ9g;null;en;negative
391;Anthony GonzÃ¡lez;2017-12-03T20:38:38.000Z;Comment;0;ðŸ˜ƒ   VÃ­deo sexual de Charlize Theron https://www.youtube.com/watch?v=TyHvyGVs42UpDl__;null;en;negative
392;Noe Velandria;2017-12-03T20:33:58.000Z;Comment;0;â£ï¸âœ¨ðŸ˜³   VÃ­deo sexual de Charlize Theron http://videorec.gq/u00_b;null;en;negative
393;Noe Velandria;2017-12-03T20:33:41.000Z;Comment;0;â£ï¸âœ¨ðŸ˜³   VÃ­deo sexual de Charlize Theron http://videorec.gq/7xJ_y;null;en;negative
394;Noe Velandria;2017-12-03T18:09:14.000Z;Comment;0;ðŸ’ðŸŽ¥âš¡ï¸ðŸ¤£ðŸ¤‘   VÃ­deo sexual de Charlize Theron https://www.youtube.com/watch?v=OPlqKZbX_f052_jf;null;en;negative
395;victoria diaz;2017-12-03T17:21:43.000Z;Comment;0;ðŸ’žâœ¨ðŸ˜…ðŸ’·ðŸ¥‚ðŸ€ðŸŒ²ðŸ¤·ðŸ¼â€â™‚ï¸ðŸŽ±   VÃ­deo sexual de Charlize Theron http://leakingwiks.ga/OPfN6;null;en;negative
396;victoria diaz;2017-12-03T17:21:42.000Z;Comment;0;ðŸ’žâœ¨ðŸ˜…ðŸ’·ðŸ¥‚ðŸ€ðŸŒ²ðŸ¤·ðŸ¼â€â™‚ï¸ðŸŽ±   VÃ­deo sexual de Charlize Theron http://leakingwiks.ga/9VhTd;null;en;negative
397;Noe Velandria;2017-12-03T16:41:51.000Z;Comment;0;ðŸ’˜ðŸ“¹ðŸ›ðŸŽ°ðŸ ðŸŽ±   VÃ­deo sexual de Charlize Theron http://leakedvid.ml/;null;en;negative
398;Gustapata B;2017-12-03T16:16:02.000Z;Comment;0;ðŸ–¤ðŸ’˜â­ï¸ðŸµðŸ˜€ðŸ¥‡ðŸ¾ðŸ™‹ðŸ¼ðŸ¤·ðŸ¼â€â™€ï¸ðŸ˜µ   VÃ­deo sexual de Charlize Theron http://leakedvid.ml/wadu;null;en;negative
399;victoria diaz;2017-12-03T14:35:25.000Z;Comment;0;ðŸ’›ðŸ’—ðŸ‘âš¡ï¸ðŸ‘ðŸ’¶ðŸŽ¸ðŸ˜¹ðŸŽ±   VÃ­deo sexual de Charlize Theron http://tinyurl.com/yd95pxjx;null;en;negative
400;victoria diaz;2017-12-03T14:29:54.000Z;Comment;0;ðŸ’šðŸ’—ðŸ“¼ðŸŽ¥ðŸ˜„ðŸ˜ðŸ‘„ðŸŽ¸ðŸ¸â˜ƒï¸   VÃ­deo sexual de Charlize Theron http://tinyurl.com/ybnmkmmf;null;en;negative
401;victoria diaz;2017-12-03T14:29:53.000Z;Comment;0;ðŸ’šðŸ’—ðŸ“¼ðŸŽ¥ðŸ˜„ðŸ˜ðŸ‘„ðŸŽ¸ðŸ¸â˜ƒï¸   VÃ­deo sexual de Charlize Theron http://tinyurl.com/ybnmkmmf;null;en;negative
402;EstaciÃ³ HidrogrÃ¡fica Pampatar;2017-12-03T13:54:36.000Z;Comment;0;ðŸ’™ ðŸ–¤ðŸ¤£ðŸš¿ðŸ‘ðŸ½ðŸ¤·ðŸ¼â€â™‚ï¸ðŸ¤·ðŸ¼â€â™€ï¸   VÃ­deo sexual de Charlize Theron http://tinyurl.com/y9jdgqum;null;en;negative
403;EstaciÃ³ HidrogrÃ¡fica Pampatar;2017-12-03T13:44:38.000Z;Comment;0;ðŸŒâ­ï¸ðŸ˜ƒðŸ’¶ðŸ¦ðŸ·ðŸ¤·ðŸ¼â€â™‚ï¸ðŸ ðŸŽ±   VÃ­deo sexual de Charlize Theron https://www.youtube.com/watch?v=y8rBC6GCUjg;null;en;negative
404;EstaciÃ³ HidrogrÃ¡fica Pampatar;2017-12-03T13:44:38.000Z;Comment;0;ðŸŒâ­ï¸ðŸ˜ƒðŸ’¶ðŸ¦ðŸ·ðŸ¤·ðŸ¼â€â™‚ï¸ðŸ ðŸŽ±   VÃ­deo sexual de Charlize Theron https://www.youtube.com/watch?v=y8rBC6GCUjg;null;en;negative
405;EstaciÃ³ HidrogrÃ¡fica Pampatar;2017-12-03T13:42:24.000Z;Comment;0;ðŸ³ï¸â€ðŸŒˆðŸ“·ðŸ¤£ðŸ›ðŸºðŸ¬ðŸ¤·ðŸ¼â€â™€ï¸   VÃ­deo sexual de Charlize Theron https://www.youtube.com/watch?v=2wAw_GpJH9U;null;en;negative
406;EstaciÃ³ HidrogrÃ¡fica Pampatar;2017-12-03T13:42:23.000Z;Comment;0;ðŸ³ï¸â€ðŸŒˆðŸ“·ðŸ¤£ðŸ›ðŸºðŸ¬ðŸ¤·ðŸ¼â€â™€ï¸   VÃ­deo sexual de Charlize Theron https://www.youtube.com/watch?v=2wAw_GpJH9U;null;en;negative
407;EstaciÃ³ HidrogrÃ¡fica Pampatar;2017-12-03T13:42:23.000Z;Comment;0;ðŸ³ï¸â€ðŸŒˆðŸ“·ðŸ¤£ðŸ›ðŸºðŸ¬ðŸ¤·ðŸ¼â€â™€ï¸   VÃ­deo sexual de Charlize Theron https://www.youtube.com/watch?v=Mtau4v6foHA;null;en;negative
408;EstaciÃ³ HidrogrÃ¡fica Pampatar;2017-12-03T13:42:22.000Z;Comment;0;ðŸ³ï¸â€ðŸŒˆðŸ“·ðŸ¤£ðŸ›ðŸºðŸ¬ðŸ¤·ðŸ¼â€â™€ï¸   VÃ­deo sexual de Charlize Theron https://www.youtube.com/watch?v=Mtau4v6foHA;null;en;negative
409;EstaciÃ³ HidrogrÃ¡fica Pampatar;2017-12-03T13:35:27.000Z;Comment;0;ðŸ’™ ðŸ˜ðŸŽ°ðŸŽ¸â˜ƒï¸   VÃ­deo sexual de Charlize Theron https://www.youtube.com/watch?v=I_cJxvTQ6RM;null;en;negative
410;EstaciÃ³ HidrogrÃ¡fica Pampatar;2017-12-03T13:35:26.000Z;Comment;0;ðŸ’™ ðŸ˜ðŸŽ°ðŸŽ¸â˜ƒï¸   VÃ­deo sexual de Charlize Theron https://www.youtube.com/watch?v=1GKs-eV1hMA;null;en;negative
411;stewart rodriguez;2017-12-03T13:05:52.000Z;Comment;0;ðŸ’âœ¨ðŸ¦‹ðŸ™‹ðŸ¼â€â™‚ï¸ðŸ˜²   VÃ­deo sexual de Charlize Theron http://tinyurl.com/yc5kkd5s;null;en;negative
412;Noe Velandria;2017-12-03T11:56:03.000Z;Comment;0;ðŸ˜†ðŸš¬ðŸ’·ðŸ¤´ðŸ»ðŸ˜²   VÃ­deo sexual de Charlize Theron http://tinyurl.com/y7eve94o;null;en;negative
413;Shirley Ortega;2017-12-03T11:51:56.000Z;Comment;0;ðŸ’šðŸ˜ðŸ‘ðŸ˜¹ðŸ˜µðŸŒ·   VÃ­deo sexual de Charlize Theron http://tinyurl.com/y872tc3a;null;en;negative
414;RV Jp;2017-12-02T09:23:41.000Z;Comment;0;I am an Indian.. I can't understand a word.. Still like the beats,the voice, tune ðŸ’œ nice one;null;en;positive
415;Yessica Berniavasquez;2017-12-02T05:04:09.000Z;Comment;0;hermosa cancion :);null;en;positive
416;Alvaro0227;2017-12-02T04:53:22.000Z;Comment;5;I love this song <3;null;en;positive
417;Alejandra Rangel;2017-12-01T13:39:23.000Z;Comment;0;I love that musicðŸ˜œ;null;en;positive
418;Radwa Ghonim;2017-12-01T08:48:52.000Z;Comment;0;OMG in love with this song ðŸ˜ Love from Egypt;null;en;positive
419;Mileidys Navarro;2017-11-30T14:48:47.000Z;Comment;0;Oficial;null;en;neutral
420;jl avalu;2017-12-03T19:24:19.000Z;Reply to THEBOSSOFGAMING 9000;1;THEBOSSOFGAMING 9000   suerte bro que todo salga bien;null;en;neutral
421;Joaquin MuÃ±oz;2017-12-03T18:55:57.000Z;Reply to THEBOSSOFGAMING 9000;0;THEBOSSOFGAMING 9000;null;en;neutral
422;Isabella Guevara;2017-12-03T18:37:52.000Z;Reply to THEBOSSOFGAMING 9000;0;THEBOSSOFGAMING 9000  huy;null;en;neutral
423;mau gamer;2017-12-03T18:28:42.000Z;Reply to THEBOSSOFGAMING 9000;0;THEBOSSOFGAMING 9000 aslo amo tmb me funciono;null;en;neutral
424;Puerta 8;2017-11-28T20:08:18.000Z;Comment;0;Real Name of Mateo?;null;en;neutral
425;Valentina Sredeva;2017-11-27T22:03:20.000Z;Comment;0;THIS VIDEO IS LIFE!;null;en;positive
426;Xitlaly Reyes;2017-11-27T21:50:18.000Z;Comment;0;I can hear this song a million of times and i wont get tired of hearing it like if it is trueðŸ˜ŠðŸ˜‰;null;en;positive
427;Andrea Nicole;2017-11-27T14:53:03.000Z;Comment;0;I LOVE THE SONGðŸ˜ðŸ˜;null;en;positive
428;Antonella Castro;2017-11-27T12:55:48.000Z;Comment;0;Hermosa cancion!!!!;null;en;positive
429;Hendra Ogotan;2017-11-26T18:12:34.000Z;Comment;0;Love this;null;en;positive
430;lency salazar;2017-11-25T22:05:51.000Z;Comment;1;I love it song is very beautifull ðŸ˜„;null;en;positive
431;Daysi Valenzuela;2017-11-25T14:26:14.000Z;Comment;0;ByronðŸ˜»ðŸ¤;null;en;neutral
432;Gissel Fu_19A;2017-11-25T04:41:55.000Z;Comment;0;hermosa cancion ðŸ’–ðŸ’–ðŸ’–;null;en;positive
433;Williams Salazar;2017-11-25T03:36:39.000Z;Comment;0;Los mejores besos son los que NO se anuncian... "Let me steal a kiss from those that reach me to the soul" (THIS SONG IS FUCKING PERFECT!!!);null;en;positive
434;Jaaziel Campos;2017-11-24T22:33:40.000Z;Comment;0;Hermosa cancion <3;null;en
435;Nicolas Benicio;2017-11-24T02:13:41.000Z;Comment;0;The club isnâ€™t the best place to find a lover So the bar is where I go Me and my friends at the table doing shots drinking fast and then we talk slow
you come over and start up a conversation with just me and trust me Iâ€™ll give it a chance now ... Iâ€™m in love with the shape of you;null;en;negative
436;Josue Pena;2017-11-23T21:53:29.000Z;Comment;1;Omg l love that song;null;en;positive
437;Heidi Reyes;2017-11-23T16:35:50.000Z;Comment;0;Jaelynn and the dbdhhdgdshhdcðŸ—£ðŸ—£ðŸ§’ðŸ»ðŸ§’ðŸ»ðŸ—£ðŸ‘ƒðŸ¼ðŸ‘‚ðŸ¼ðŸ™ðŸ¼ðŸ‘…ðŸ‘ƒðŸ¼ðŸ‘£ðŸ‘¤ðŸ§ ðŸ§ ðŸ§ ðŸ§ ðŸ‘¤ðŸ‘¤ðŸ‘¤ðŸ§’ðŸ»ðŸ§’ðŸ»ðŸ‘§ðŸ»ðŸ‘¶ðŸ¼ðŸ‘¶ðŸ¼ðŸ§’ðŸ»ðŸ‘¦ðŸ»ðŸ‘¦ðŸ»ðŸ‘©ðŸ»ðŸ‹ðŸ»â€â™‚ï¸ðŸ‹ðŸ»â€â™‚ï¸ðŸ‹ðŸ»â€â™€ï¸ðŸ‚ðŸ‚ðŸ¤¼â€â™€ï¸ðŸ¤¼â€â™€ï¸ðŸ¤¼â€â™€ï¸ðŸŒðŸ»â€â™€ï¸ðŸ¤¾ðŸ»â€â™‚ï¸ðŸ¤¾ðŸ»â€â™‚ï¸ðŸ‹ðŸ»â€â™‚ï¸ðŸ‹ðŸ»â€â™€ï¸ðŸ§˜ðŸ»â€â™‚ï¸ðŸ„ðŸ»â€â™€ï¸ðŸ‹ðŸ»â€â™€ï¸ðŸŒðŸ»â€â™€ï¸ðŸ›·ðŸ¤¾ðŸ»â€â™‚ï¸ðŸ§˜ðŸ»â€â™‚ï¸ðŸ‹ðŸ»â€â™‚ï¸ðŸ›·ðŸ›·ðŸ¥ŠðŸ¹ðŸ¹ðŸ¥ŠðŸ¥‹ðŸŽ½ðŸ„ðŸ»â€â™€ï¸ðŸŠðŸ¼â€â™‚ï¸ðŸŠðŸ¼â€â™‚ï¸ðŸ¤½ðŸ¼â€â™€ï¸ðŸš£ðŸ»â€â™€ï¸ðŸš£ðŸ½â€â™‚ï¸ðŸŽ¤ðŸŽ¤ðŸŽ¤ðŸŽ¤ðŸŽ¤ðŸŽ¤ðŸŽ¤ðŸŽ¤ðŸŽ²ðŸŽ²ðŸŽ²ðŸŽ²ðŸŽ²ðŸŽ²ðŸŽ¯ðŸŽ¯ðŸŽ²ðŸŽ²ðŸŽ²ðŸŽ²ðŸŽ²ðŸŽ²ðŸŽ²ðŸŽ²ðŸŽ²ðŸŽ²ðŸŽ²ðŸŽ²ðŸŽ²ðŸŽ²ðŸŽ¯ðŸŽ²ðŸŽ¯ðŸŽ²ðŸŽ¯ðŸŽ²ðŸŽ²ðŸŽ²ðŸŽ²ðŸŽ²ðŸŽ²ðŸŽ²ðŸŽ²ðŸŽ²ðŸŽ²ðŸŽ²ðŸŽ²ðŸŽ²ðŸŽ²ðŸŽ²ðŸŽ²ðŸŽ²ðŸŽ²ðŸŽ²ðŸŽ²ðŸŽ²ðŸŽ²ðŸŽ²ðŸŽ²ðŸŽ²ðŸŽ²ðŸŽ²ðŸŽ²ðŸŽ²;null;en;joke
438;Adam Ausaw;2017-11-23T15:36:31.000Z;Comment;0;This song is beautiful. How this has more than 5 dislikes, I can not possibly understand.;null;en;positive
439;Veronica Yanvier Ramirez Juarez;2017-11-25T21:12:42.000Z;Reply to Silvia;1;Tonta;null;en;negative
440;Leslie Chapa;2017-11-21T02:11:29.000Z;Comment;1;331m views I love â¤ï¸ the song Carlos vives Sebastian Yatra;null;en;positive
441;Cailou 4 That Life VLOGZ;2017-11-21T01:13:52.000Z;Comment;0;Thsi is good song;null;en;positive
442;yasmin mespla;2017-11-24T17:13:51.000Z;Reply to Thomas Paez;0;Thomas Paez no;null;en;neutral
443;Pinky Wishbowl;2017-11-20T18:09:58.000Z;Comment;1;#â™¥â™¥â™¥â™¥  â™¥â™¥â™¥â™¥â™¥  #â™¥â™¥â™¥â™¥  â™¥â™¥â™¥â™¥  #â™¥â™¥â™¥â™¥*Jesus Christ is the only way to heaven! He died and arose from the dead to give us eternal life.*;null;en;neutral
444;Sara Rivera;2017-11-20T01:33:38.000Z;Comment;0;I was the fies to put thoms up  MARIELA!!;null;en;neutral
445;Alexander Tovar;2017-11-19T01:55:40.000Z;Comment;0;My girlfriend asked me out to this song. â™¥ï¸Te quiero, Sophie.;null;en;positive
446;Osmair Anguiano CortÃ©s;2017-11-18T20:19:18.000Z;Comment;0;Es. He ial;null;en;neutral
447;Margarita VelÃ¡zquez;2017-11-17T21:52:44.000Z;Comment;0;Love this song so much ðŸ˜ðŸ’¥ðŸ‘Š;null;en;positive
448;Rossy Flowers;2017-11-17T04:22:34.000Z;Comment;0;Hermosa cancion ðŸ˜ðŸ˜;null;en;positive
449;Winston bernal;2017-11-15T22:51:49.000Z;Comment;0;Winston b Bernal;null;en;neutral
